{
	"name": "customSheet",
	"events": [
		{
			"eventType": "block",
			"conditions": [
				{
					"id": "on-created",
					"objectClass": "rotatingSprite",
					"sid": 577824288061383
				}
			],
			"actions": [
				{
					"id": "start-timer",
					"objectClass": "rotatingSprite",
					"sid": 410897818883404,
					"behaviorType": "Timer",
					"parameters": {
						"duration": "Self.rotateTimer",
						"type": "regular",
						"tag": "\"rotate\""
					}
				}
			],
			"sid": 514186148596979
		},
		{
			"eventType": "block",
			"conditions": [
				{
					"id": "on-timer",
					"objectClass": "rotatingSprite",
					"sid": 156646435365806,
					"behaviorType": "Timer",
					"parameters": {
						"tag": "\"rotate\""
					}
				}
			],
			"actions": [
				{
					"id": "set-angle",
					"objectClass": "rotatingSprite",
					"sid": 822303785227976,
					"parameters": {
						"angle": "Self.Angle + Self.rotateAngle"
					}
				}
			],
			"sid": 683563060030796
		}
	],
	"sid": 538318273994079
}