{"propertiesBar":{"properties":[{"name":"About","expanded":true,"children":[]},{"name":"Colors","expanded":true,"children":[]},{"name":"Startup","expanded":true,"children":[]},{"name":"Display","expanded":true,"children":[{"name":"Viewport size","expanded":false,"children":[]}]},{"name":"Advanced","expanded":false,"children":[]},{"name":"Editor","expanded":true,"children":[]}],"scrollPosition":0},"openTabs":{"active":{"name":"customSheet","type":"eventSheet"},"open":[{"name":"customLayout","type":"layout"},{"name":"customSheet","type":"eventSheet"},{"name":"Script.js","type":"projectFile"},{"name":"Script2.js","type":"projectFile"}]},"previewEffects":true,"previewBrowser":"default","pauseOnUnfocus":false,"projectBar":{"name":"<root>","children":[{"name":"New project","expanded":true,"children":[{"name":"Layouts","expanded":true,"children":[{"name":"customLayout","expanded":true,"children":[]}]},{"name":"Event sheets","expanded":true,"children":[{"name":"customSheet","expanded":true,"children":[]}]},{"name":"Scripts","expanded":true,"children":[{"name":"New folder","expanded":true,"children":[{"name":"Script.js","expanded":true,"children":[]}]},{"name":"Script2.js","expanded":true,"children":[]}]},{"name":"Object types","expanded":false,"children":[{"name":"folderA","expanded":false,"children":[{"name":"folderB","expanded":false,"children":[{"name":"SpriteB","expanded":true,"children":[]}]},{"name":"SpriteA","expanded":true,"children":[]}]},{"name":"folderC","expanded":false,"children":[{"name":"SpriteC","expanded":true,"children":[]}]},{"name":"SpriteD","expanded":true,"children":[]}]},{"name":"Families","expanded":true,"children":[{"name":"rotatingSprite","expanded":false,"children":[{"name":"SpriteA","expanded":true,"children":[]}]}]},{"name":"Timelines","expanded":true,"children":[{"name":"Eases","expanded":true,"children":[{"name":"New folder","expanded":true,"children":[{"name":"customEase","expanded":true,"children":[]}]}]},{"name":"New folder 2","expanded":true,"children":[{"name":"customTimeline","expanded":true,"children":[]}]}]},{"name":"Sounds","expanded":false,"children":[{"name":"audioFolder","expanded":true,"children":[{"name":"SFX_Bomb_WakeUp.webm","expanded":true,"children":[]}]},{"name":"SFX_PumpkinThump.webm","expanded":true,"children":[]}]},{"name":"Music","expanded":true,"children":[]},{"name":"Videos","expanded":true,"children":[]},{"name":"Fonts","expanded":true,"children":[]},{"name":"Icons","expanded":false,"children":[{"name":"icon-128.png","expanded":true,"children":[]},{"name":"icon-16.png","expanded":true,"children":[]},{"name":"icon-256.png","expanded":true,"children":[]},{"name":"icon-32.png","expanded":true,"children":[]},{"name":"icon-512.png","expanded":true,"children":[]},{"name":"icon-64.png","expanded":true,"children":[]},{"name":"loading-logo.png","expanded":true,"children":[]}]},{"name":"Files","expanded":true,"children":[]}]}]},"propertiesBarActiveObject":{"jsonId":{"timeline":{"name":"customTimeline"}},"type":"timeline"}}