{
	"name": "customTimeline",
	"enabled": true,
	"interpolationMode": "default",
	"resultMode": "default",
	"ease": "noease",
	"pathMode": "line",
	"playheadTime": 1,
	"totalTime": 5,
	"stepTime": 0.1,
	"showingInterpolationModes": false,
	"showingResultModes": false,
	"showingEases": false,
	"showingPathModes": false,
	"scale": 1,
	"loop": false,
	"pingPong": false,
	"repeatCount": 1,
	"tracks": [],
	"tracksRoot": {
		"enabled": true,
		"interpolationMode": "default",
		"resultMode": "default",
		"ease": "default",
		"pathMode": "default",
		"name": "Track Folder",
		"items": [],
		"subfolders": []
	}
}